---
- name: Aarti Dwivedi
  pic: aarti.jpg
  links:
    Facebook: https://www.facebook.com/AndromedaAarti
    GPlus: https://plus.google.com/u/0/114986089777689431996/posts
    GitHub: https://github.com/AartiNdi
    EMail: mailto:ellydwivedi2093@gmail.com
    Twitter: https://twitter.com/aarti_andromeda

  - name: Anish Mukherjee
  pic: randomphoto.jpg
  links:
    Facebook: https://www.facebook.com/anish.mukherjee1996
    GPlus: https://plus.google.com/100450738982137416015
    GitHub: https://github.com/alphadose
    EMail: mailto:anish.mukherjee1996@gmail.com
    

- name: Team SDSLabs
  pic: sdslabs.jpg
  links:
    facebook: https://facebook.com/SDSLabs
    Twitter: https://twitter.com/sdslabs
    GitHub: https://github.com/sdslabs
    GPlus: https://plus.google.com/101733513430697982016/
    EMail: mailto:contact@sdslabs.co.in
    Blog: http://blog.sdslabs.co

- name: Aashaka Shah
  pic: aashaka.jpg
  links:
    Facebook: https://www.facebook.com/aashaka96
    GPlus: https://plus.google.com/u/0/101169495806201252216/posts
    GitHub: https://github.com/aashaka
    EMail: mailto:aashaka96@gmail.com
    Twitter: https://twitter.com/aashaka96

- name: Abhay Rana
  pic: abhay.jpg
  links:
    Facebook: https://facebook.com/capt.n3m0
    Twitter: https://twitter.com/captn3m0
    GPlus: https://google.com/+AbhayRana
    Blog: http://captnemo.in
    LastFM: http://www.last.fm/user/captn3m0
    EMail: mailto:me@captnemo.in
    StackOverflow: http://stackoverflow.com/users/368328/capt-nemo
    GitHub: http://github.com/captn3m0

- name: Abhinav Kaushal Keshari
  pic: abhinav.jpg
  links:
    Facebook: https://www.facebook.com/abhinav.k.keshari
    GPlus: https://plus.google.com/117578660962224971540/posts
    Github: https://github.com/abhinavkk
    EMail: keshariabhinavk1996@gmail.com
    StackOverflow: http://stackoverflow.com/users/4584901/abhinav-kaushal-keshari

- name: Abhishek Das
  pic: abhishek.jpg
  links:
    Twitter: https://twitter.com/abhshkdz
    GPlus: https://google.com/+AbhishekDasZ
    LastFM: http://www.last.fm/user/abhshkdz
    EMail: mailto:das@sdslabs.co.in
    StackOverflow: http://stackoverflow.com/users/1257954/abhshkdz
    GitHub: https://github.com/abhshkdz
    Blog: http://abhishekdas.com

- name: Abhishek Kandoi
  pic: kandoi.jpg
  links:
    Facebook: https://facebook.com/kandoiabhi
    Twitter: https://twitter.com/kandoiabhi
    GPlus: https://google.com/+AbhishekKandoi
    LastFM: http://www.last.fm/user/abhikandoi2000
    EMail: mailto:abhikandoi2000@gmail.com
    StackOverflow: http://stackoverflow.com/users/1368007/abhi-kandoi
    GitHub: http://github.com/abhikandoi2000

- name: Aditya Prakash
  pic: aditya_pra.JPG
  links:
    Facebook: https://www.facebook.com/aditya.prakash.5648137
    Email: mailto:adiitya.adda@gmail.com
    GitHub: https://github.com/adiitya

- name: Akashdeep Goel
  pic: akashdeepgoel.jpg
  links:
    Facebook: https://www.facebook.com/akashdeep.goel.5
    GPlus: https://plus.google.com/118091862804381715211/posts
    GitHub: https://github.com/akashdeepgoel
    EMail: mailto:akashdeep.goel1996@gmail.com
    Spoj: http://www.spoj.com/users/akashdeepgoel/
    Blog: http://iitroorkee2014.blogspot.in/

- name: Amit Manchanda
  pic: amit.jpg
  links:
    Facebook: https://www.facebook.com/amit.manchanda.27
    GPlus: https://plus.google.com/u/0/110034518196137128401/posts
    Github: https://github.com/amitdelhi1995
    Email: mailto:amitdelhi1995@yahoo.co.in

- name: Ankur Garg
  pic: ankurgarg.jpg
  links:
    Facebook: https://www.facebook.com/ankurgarg101
    GPlus: https://plus.google.com/+AnkurGarg101/
    EMail: mailto:ankurgarg101@gmail.com
    GitHub: https://github.com/ankurgarg101

- name: Arpit Singla
  pic: arpit.jpg
  links:
    Facebook: https://www.facebook.com/arpit.singla.270896
    GPlus: https://plus.google.com/+ArpitSingla270896
    EMail: mailto:arpit270896@gmail.com
    GitHub: https://github.com/arpit270896
    Twitter: https://twitter.com/arpit270896

- name: Arun Chetty
  pic: arun.jpg
  links:
    Facebook: https://www.facebook.com/chetty.arun.nani

- name: Ashwini Khare
  pic: ashwini.jpg
  links:
    Facebook: https://www.facebook.com/khare.ashwini
    Twitter: https://twitter.com/khare_ashwini
    GPlus: https://google.com/+AshwiniKhare
    EMail: mailto:khare.ashwini@gmail.com
    StackOverflow: http://stackoverflow.com/users/846797/ashwini-khare
    GitHub: http://github.com/khare-ashwini
    Blog: http://x.ashwinikhare.in/

- name: Asutosh Palai
  pic: asutoshpalai.jpg
  links:
    Facebook: https://www.facebook.com/asupalai
    GPlus: https://plus.google.com/+AsutoshPalai
    EMail: mailto:asupalai@gmail.com
    GitHub: https://github.com/asutoshpalai
    Twitter: https://twitter.com/asupalai
    Blog: https://blog.asutoshpalai.in

- name: Deepali Jain
  pic: deepali.jpg
  links:
    Facebook: https://www.facebook.com/deepalijain8
    EMail: mailto:djdeepalijain811@gmail.com
    GitHub: https://github.com/jaindeepali

- name: Dhaval Kapil
  pic: dhaval.jpg
  links:
    Facebook: https://www.facebook.com/dhaval.kapil
    GPlus: https://plus.google.com/+DhavalKapildk
    StackOverflow: http://stackoverflow.com/users/3307716/user3307716
    Twitter: https://twitter.com/dhaval_kapil
    Npmjs: https://www.npmjs.org/~dhavalkapil
    GitHub: https://github.com/dhavalkapil
    EMail: mailto:me@dhavalkapil.com
    Blog: https://dhavalkapil.com/

- name: Divij Bindlish
  pic: divij.jpg
  links:
    Facebook: https://www.facebook.com/divij.bindlish.3
    EMail: mailto:dvjbndlsh93@gmail.com
    GitHub: https://github.com/dvjbndlsh93

- name: Giridaran Manivannan
  pic: giri.jpg
  links:
    Facebook: https://www.facebook.com/giridaran

- name: Harshil Mathur
  pic: harshil.jpg
  links:
    Facebook: https://www.facebook.com/harshilmathur
    Twitter: https://twitter.com/harshilmathur
    GPlus: https://plus.google.com/u/0/115752018561278276015/
    EMail: mailto:harshilmathur@gmail.com
    Blog: http://harshilmathur.in/

- name: Jayant Jain
  pic: jayant.jpg
  links:
    Facebook: https://www.facebook.com/JayantJain

- name: Ketan Gupta
  pic: ketan.jpg
  links:
    Facebook: https://facebook.com/ketanhwr
    GPlus: https://plus.google.com/u/0/+KetanGupta97
    EMail: mailto:ketangupta1897@gmail.com
    GitHub: http://github.com/ketanhwr
    Spoj: https://www.spoj.com/users/ketanhwr/

- name: Mohit Agarwal
  pic: mohit.jpg
  links:
    Facebook: https://www.facebook.com/mohitagarwal.iitr
    GitHub: https://github.com/mohitagarwal

- name: Neeraj Gangwar
  pic: neeraj.jpg
  links:
    Facebook: https://www.facebook.com/gangwar.neeraj
    Twitter: http://twitter.com/neeraj_gangwar
    Blog: http://neerajgangwar.blogspot.in/
    EMail: mailto:y.neeraj2008@gmail.com
    GitHub: https://github.com/neerajgangwar

- name: Paras Chetal
  pic: paras.jpg
  links:
    Facebook: https://www.facebook.com/feignix
    Twitter: https://twitter.com/paraschetal
    Blog: https://paraschetal.in/
    EMail: mailto:paras.chetal@gmail.com
    GitHub: https://github.com/paraschetal

- name: Ravi Kishore
  pic: ravi.jpg
  links:
    Facebook: https://www.facebook.com/ravikishore1993
    Twitter: https://twitter.com/ravikishore1993
    EMail: mailto:ravikishore1993@gmail.com
    GitHub: https://github.com/ravikishore1993
    LastFM: http://www.last.fm/user/ravikishore1993
    Blog: https://rkravi.com/

- name: Rishabh Chhabra
  pic: chhabra.png
  links:
    Facebook: https://www.facebook.com/rish24
    GPlus: https://plus.google.com/u/0/106956682804774631694/posts
    GitHub: https://github.com/rishabhc
    EMail: mailto:rishabh.chhabra561@gmail.com
    Twitter: https://twitter.com/rc1288

- name: Sagar Saxena
  pic: sagar.jpg
  links:
    Facebook: https://www.facebook.com/saxenasagar91

- name: Sethu Nachiappan
  pic: sethu.jpg
  links:
    Facebook: https://www.facebook.com/demonslayer68
    GPlus: https://plus.google.com/114865456079306635193
    LastFM: http://www.last.fm/user/demonslayer68
    EMail: mailto:demonslayer68@gmail.com
    GitHub: https://github.com/demonslayer68

- name: Shagun Sodhani
  pic: shagun.jpg
  links:
    Spoj: https://www.spoj.pl/users/shagunsodhani/
    Facebook: https://www.facebook.com/shagun.sodhani
    GPlus: https://plus.google.com/+ShagunSodhani/posts
    EMail: mailto:sshagunsodhani@gmail.com
    StackOverflow: http://stackoverflow.com/users/1353861/shagun
    GitHub: https://github.com/shagunsodhani
    Blog: http://shagunsodhani.in

- name: Shashank Mehta
  pic: shashank.jpg
  links:
    Facebook: https://www.facebook.com/leostatic
    Twitter: https://twitter.com/leostatic
    GPlus: https://plus.google.com/+ShashankMehta
    EMail: mailto:me@shashankmehta.in
    GitHub: https://github.com/shashankmehta
    Blog: http://shashankmehta.in/

- name: Shikhar Shrivastava
  pic: shikhar.jpg
  links:
    Facebook: https://www.facebook.com/shikhar.shrivastav

- name: Shivam Gupta
  pic: shivam.jpg
  links:
    Facebook: https://www.facebook.com/shivziitr

- name: Shivam Mangla
  pic: shivammangla.jpg
  links:
    Facebook: https://www.facebook.com/shivam.mangla.007
    GitHub: https://github.com/shivam-mangla
    EMail: mailto:shivam.mangla.09@gmail.com

- name: Sopan Khosla
  pic: sopan.jpg
  links:
    Facebook: https://www.facebook.com/sopan.khosla
    GPlus: https://plus.google.com/u/0/118104367857721551529/posts
    GitHub: https://github.com/sopu
    EMail: mailto:khoslasopan@gmail.com
    Spoj: https://www.spoj.com/users/sopan_khosla/
    Blog: https://sopankhosla.wordpress.com/

- name: Vikalp Gupta
  pic: vikalp.jpg
  links:
    Facebook: https://www.facebook.com/vikalp02
    GPlus: https://plus.google.com/+VikalpGupta
    EMail: mailto:vikalp02@gmail.com

- name: Ashish Chaudhary
  pic: ashish.jpg
  links:
    GitHub: https://github.com/yankee101
    Blog: https://ashishchaudhary.in
    Facebook: https://facebook.com/ashishchaudhary2311
    EMail: mailto:iamashishchaudhary@gmail.com

- name: Priyanshu Sheth
  pic: priyanshu.jpg
  links:
    Facebook: https://facebook.com/priyanshu1994
    GPlus: https://google.com/+PriyanshuSheth1994
    LastFM: http://www.last.fm/user/priyanshu1994
    EMail: mailto:priyanshu581994@gmail.com
    StackOverflow: http://stackoverflow.com/users/3543237/priyanshu1994
    GitHub: http://github.com/priyanshu1994
    Spoj: https://www.spoj.com/users/priyanshu1994/

- name: Amanpreet Singh
  pic: amanpreet.jpg
  links:
    Facebook: https://facebook.com/amanpreet.singh.18
    GPlus: https://google.com/+AmanpreetSingh94
    EMail: mailto:apsdehal@gmail.com
    StackOverflow: http://stackoverflow.com/users/2428889/apsdehal
    GitHub: http://github.com/apsdehal
    Spoj: https://www.spoj.com/users/apsdehal/

- name: Vishrut Kumar Mishra
  pic: vkm.jpg
  links:
    Facebook: https://www.facebook.com/vishrut.mishra
    GPlus: https://plus.google.com/u/0/+vishrutmishra1807/about
    GitHub: https://github.com/vishrutmishra
    EMail: mailto:m.vishrut180795@gmail.com

- name: Utsav Mangal
  pic: utsav.jpg
  links:
    Facebook: https://www.facebook.com/mangalutsav
    Github: https://github.com/mangalutsav
    Spoj: https://www.spoj.com/users/mangalutsav/
    Email: mailto:mangalutsav1@gmail.com

- name: Yash Dev Lamba
  pic: lamba.jpg
  links:
    Facebook: https://www.facebook.com/yashdev18
    GPlus: https://plus.google.com/u/0/113524883451299290284
    Github: https://github.com/ydlamba
    Email: mailto:yashdev18@gmail.com
    Twitter: https://twitter.com/yashdev18
- name: Utkarsh Shukla
  pic: ushukla.jpg
  links:
    Facebook: https://www.facebook.com/utkarsh.shukla.92317
    GPlus: https://plus.google.com/u/0/115056253591821013464
    Github: https://github.com/utkarsh858
    Email: mailto:utkarsh858iitr@gmail.com
